publisher_name,critical,error,warning,spend_category,spend_category_year,Publisher
_path_,0,1,6,> 1M & <= 10M,2019,PATH
1-uz,0,0,1,No spend data for 2019-2021,,University Of Zimbabwe
12921047,0,1,0,> 1M & <= 10M,2019,CARE Danmark Fonden for Frivillig Ulandsbistand
aaik,0,0,11,> 1M & <= 10M,2021,ACTIONAID INTERNATIONAL KENYA
aanl,0,0,2,> 1M & <= 10M,2019,Stichting ActionAId
aar,0,3,0,> 1M & <= 10M,2019,ActionAid Rwanda
aauk,0,7,28,> 10M & <= 100M,2019,ActionAid UK
ac1999,0,0,2,No spend data for 2019-2021,,Advance Consulting
acet,0,2,13,> 1M & <= 10M,2021,African Center for Economic Transformation (ACET)
acfshr,0,2,3,No spend data for 2019-2021,,Action Canada for Sexual Health and Rights
acumen,0,4,1,> 1M & <= 10M,2020,Acumen
addinternational,1,378,3,> 1M & <= 10M,2020,ADD International (Action on Disability and Development)
adra-dk,0,7,9,No spend data for 2019-2021,,ADRA Denmark
adrauk,57,180,1,No spend data for 2019-2021,,ADRA-UK
ads-nyanza,0,3,0,No spend data for 2019-2021,,ADS-Nyanza
aecid,0,31361,57,> 100M & <= 1B,2020,Spanish Agency for International Development Cooperation (AECID)
af,1,0,0,No spend data for 2019-2021,,Adaptation Fund
afd,2,210,0,> 1B,2020,Agence Française de Développement
afdb,0,150,0,> 1B,2020,African Development Bank
afdi-fr,1,0,0,No spend data for 2019-2021,,"Association de solidarité internationale, Agriculteurs français et développement international (Afdi) France"
afghanaid,22,388,1,No spend data for 2019-2021,,Afghanaid
afrikids,0,0,12,<=1M,2020,AfriKids
afsc,1,0,0,No spend data for 2019-2021,,American Friends Service Committee
ageintl,0,14,8,> 1M & <= 10M,2020,HelpAge International UK
agencia_do_zambeze,0,0,2,> 1M & <= 10M,2019,Agência de Desenvolvimento do Vale do Zambeze
agri3_fund,0,2,2,No spend data for 2019-2021,,The AGRI3 Fund
aics,4,132,0,> 100M & <= 1B,2019,AICS - Agenzia Italiana per la Cooperazione allo Sviluppo / Italian Agency for Cooperation and Development
aiddata,1,0,0,No spend data for 2019-2021,,AidData
aidenvironment,1,0,0,<=1M,2019,Stichting Aidenvironment
aipr,0,5,0,No spend data for 2019-2021,,Auschwitz Institute for the Prevention of Genocide and Mass Atrocities
akfuk73,25,157,2,No spend data for 2019-2021,,Aga Khan Foundation (United Kingdom)
alab,0,4,3,<=1M,2019,Accountability Lab
alcrer-1,0,0,3,No spend data for 2019-2021,,ONG ALCRER
allwecan,1,0,0,No spend data for 2019-2021,,All We Can (formerly Methodist Relief and Development Fund)
amrefnl,0,48,23,> 10M & <= 100M,2019,Amref Flying Doctors
amrefug,0,9,0,> 1M & <= 10M,2021,Amref Health Africa in Uganda
amurt_kenya,0,0,307,<=1M,2019,Ananda Marga Universal Relief Team (AMURT) Africa
ancb_benin,0,62,1577,<=1M,2020,The National Association of Municipalities of Benin (ANCB)
apt,67,118,0,<=1M,2020,APT Action on Poverty
aqua4all,10,169,5,> 1M & <= 10M,2019,Aqua for All
ares,0,77,0,> 10M & <= 100M,2019,Académie de recherche et d'enseignement supérieur
asdb,0,0,207,> 1B,2020,Asian Development Bank
ashoka,0,0,5,No spend data for 2019-2021,,Ashoka East Africa
asi,0,2,6,> 10M & <= 100M,2019,Adam Smith International
asil,0,1,7,<=1M,2019,Anti-Slavery International
ask,0,0,2,No spend data for 2019-2021,,Aapasi Sahayog Kendra Syangja Nepal (ASK Nepal)
assn,1,0,0,No spend data for 2019-2021,,African Security Sector Network
atmf,0,1,4,> 1M & <= 10M,2019,Access to Medicine Foundation
atnf,0,2,8,> 1M & <= 10M,2019,The Access to Nutrition Foundation
ausgov,3,0,0,> 1B,2019,Australia - Department of  Foreign Affairs and Trade
awdf,0,5,9,> 1M & <= 10M,2019,African Women's Development Fund
awid,0,0,5,<=1M,2021,Association for Women's Rights in Development (AWID)
bapsa,0,0,1,<=1M,2021,"Association for Prevention of Septic Abortion, Bangladesh (BAPSA)"
bdo,0,1,1,<=1M,2020,BDO LLP
be-dgd,2109,430,101,No spend data for 2019-2021,,Belgian Development Cooperation
beis,4920,77864,0,> 1B,2019,"UK - Department for Business, Energy and Industrial Strategy (BEIS)"
bmu_iki,0,0,723,> 100M & <= 1B,2020,International Climate Initiative / BMU - IKI Secretariat
bmz,0,4352,0,> 1B,2021,Germany - Ministry for Economic Cooperation and Development
bopinc,0,1,0,<=1M,2021,BoP Innovation Center
bos_plus_tropen,0,5,0,> 1M & <= 10M,2019,BOS+ tropen
bothends,0,11,5,> 10M & <= 100M,2019,Both ENDS
brac_admin2,0,0,369,No spend data for 2019-2021,,BRAC
bracuk,0,3,4,> 1M & <= 10M,2020,BRAC UK
bu,0,15,9,No spend data for 2019-2021,,BRAC University
buildafrica,1,131,1,No spend data for 2019-2021,,Build Africa
bvf,0,1,0,<=1M,2020,Balloon Ventures Foundation
bylc,0,0,1,No spend data for 2019-2021,,Bangladesh Youth Leadership Center
cafod,0,14,0,> 10M & <= 100M,2021,Catholic Agency For Overseas Development (CAFOD)
caid,0,2239,1291,> 100M & <= 1B,2019,Christian Aid
caid_ireland,2,0,0,No spend data for 2019-2021,,Christian Aid Ireland
cal,0,2,20,> 100M & <= 1B,2020,Crown Agents Limited
camfed,0,12,0,> 10M & <= 100M,2019,Camfed International
carbontrustadvisory,0,1,7,> 1M & <= 10M,2020,Carbon Trust Advisory Ltd
cardnoem,0,22,19,> 10M & <= 100M,2019,Cardno Emerging Markets
carenederland,0,159,26,> 10M & <= 100M,2020,CARE Nederland
caritas_serbia,12,12,5,No spend data for 2019-2021,,Caritas Serbia
caritasfin,9,9,7,No spend data for 2019-2021,,Caritas Finland
cbm,0,12,38,> 1M & <= 10M,2020,Christian Blind Mission (UK) Ltd.
ccc,0,1,0,No spend data for 2019-2021,,Clean Clothes Campaign
ccdnigeria,1,0,0,No spend data for 2019-2021,,Centre For Citizens With Disabilities
cdp,0,0,4,<=1M,2021,CDP Worldwide
cehrd1,0,0,16,No spend data for 2019-2021,,Centre for Environment Human Rights and Development
cepi,0,1,2,> 100M & <= 1B,2020,Coalition for Epidemic Preparedness Innovations
cepr,0,92,0,> 1M & <= 10M,2020,Centre for Economic Policy Research
cerf,0,92,0,> 100M & <= 1B,2020,United Nations Central Emergency Response Fund (CERF)
cfm,0,5,0,No spend data for 2019-2021,,Coöperatief Climate Fund Managers U.A.
cfyas,0,340,66,> 1M & <= 10M,2020,CHOICE for Youth and Sexuality
cgiar,0,2931,0,No spend data for 2019-2021,,CGIAR
chai,0,1,10,> 10M & <= 100M,2019,Clinton Health Access Initiative
chemonics,0,4,76,> 10M & <= 100M,2019,Chemonics International Inc.
cibe,24,54,15,> 1M & <= 10M,2019,Caritas International (Belgium)
cidr,0,1,0,<=1M,2020,Centre International de Développement et de Recherche
cip,0,3,83,> 1M & <= 10M,2020,International Potato Center
ciprb,0,1,1,<=1M,2021,"Centre for Injury Prevention and Research, Bangladesh (CIPRB)"
cisu,0,5,4,> 1M & <= 10M,2019,CISU
ciuk,0,7883,10,> 10M & <= 100M,2019,CARE International UK
civic_admin,0,1,0,> 10M & <= 100M,2019,Center for Civilians in Conflict
civicus,0,1,2,> 1M & <= 10M,2020,CIVICUS World Alliance for Citizen Participation
cku,0,764,708,> 1M & <= 10M,2020,Center for Church-Based Development
clasp,0,0,8,> 1M & <= 10M,2019,CLASP
clientearth-1,0,3,0,> 1M & <= 10M,2020,ClientEarth
clingendael,0,84,5,No spend data for 2019-2021,,Stichting Nederlands Instituut voor Internationale Betrekkingen 'Clingendael'
coffey,22,40,72,> 10M & <= 100M,2020,Coffey International Development
comp_uk,0,0,1,<=1M,2021,Compassion UK
concern_worldwide,0,9,0,> 10M & <= 100M,2020,Concern Worldwide
concernuk,0,7,0,> 10M & <= 100M,2020,Concern Worldwide UK
concordis,0,6,0,<=1M,2020,Concordis International
cordaid,0,204,0,> 10M & <= 100M,2019,Cordaid
cowi,0,3,45,> 10M & <= 100M,2020,COWI
cpd,0,1,2,<=1M,2020,Centre for Policy Dialogue
cr,1,76,0,No spend data for 2019-2021,,Conciliation Resources
creausa-org,0,16,0,> 1M & <= 10M,2020,CREA
crehpa,1,0,0,No spend data for 2019-2021,,Center for Research on Environment Health and Population Activities (CREHPA)
crisisgroup,0,0,17,<=1M,2020,International Crisis Group
crs,0,0,6,> 10M & <= 100M,2019,Catholic Relief Services
csa,0,29,7,<=1M,2019,Collectif Stratégies Alimentaires
cssf,0,987,0,> 100M & <= 1B,2019,"Conflict, Stability and Security Fund"
cu,0,0,104,> 1M & <= 10M,2019,United Purpose
dai,0,18,5,> 1M & <= 10M,2019,Dorcas Aid International
danida,0,2986,21944,> 1B,2020,"Denmark - Ministry of Foreign Affairs, Danida"
danishrc,0,0,2,No spend data for 2019-2021,,Danish Red Cross
danmission,0,1,2,> 1M & <= 10M,2020,Danmission
dcaf,0,11,35,> 1M & <= 10M,2020,DCAF - Geneva Centre for Security Sector Governance
ddp,0,6,21,<=1M,2019,Disability and Development Partners
defra_transparency,0,80,10,> 10M & <= 100M,2019,"UK - Department for Environment, Food and Rural Affairs"
deltares,0,30,27,<=1M,2019,Stichting Deltares
dggf_financing_local_smes,0,76,0,> 10M & <= 100M,2019,Stichting fondsbeheer DGGF lokaal MKB
dhsc,0,5321,262,> 100M & <= 1B,2020,UK - Department of Health and Social Care (DHSC)
dipr,0,9624,1,> 10M & <= 100M,2021,Development Initiatives Poverty Research
dndi_transparency,0,14,14,> 10M & <= 100M,2020,Drugs for Neglected Diseases initiative
dpod,0,308,256,> 1M & <= 10M,2021,Disabled People's Organisations Denmark
drc,0,82,63,> 100M & <= 1B,2020,Danish Refugee Council
dri,0,1,2,<=1M,2021,Democracy Reporting International gGmbH
duf,0,4,2,> 1M & <= 10M,2019,DUF - The Danish Youth Council
e4i,0,0,2,<=1M,2021,Energy 4 Impact
ec-fpi,0,2568,2803,> 100M & <= 1B,2020,European Commission - Service for Foreign Policy Instruments
ec-intpa,0,101181,77659,> 1B,2020,European Commission - International Partnerships
ec-near,0,30117,15679,> 1B,2020,European Commission - Neighbourhood and Enlargement Negotiations
ecdpm,0,14,76,> 1M & <= 10M,2021,ECDPM
edt_kenya,0,0,4,> 1M & <= 10M,2019,Education Development Trust
efi,0,1,0,> 1M & <= 10M,2020,European Forest Institute
ehpea,0,4,13,<=1M,2020,Ethiopian Horticulture Producer Exporters Association (EHPEA)
eib,0,1,538,> 100M & <= 1B,2021,European Investment Bank
eip,0,1,90,No spend data for 2019-2021,,European Institute of Peace
elrha,0,3,6,> 1M & <= 10M,2020,Elrha
elsam,0,0,1,No spend data for 2019-2021,,Institute for Policy Research and Advocacy (ELSAM)
enabel,0,50,0,No spend data for 2019-2021,,Belgian development agency (Enabel)
ethiopiaiduk,0,10,0,> 1M & <= 10M,2021,Ethiopiaid UK
f-aids,0,286,448,> 1M & <= 10M,2019,Frontline AIDS
f2a,2,1,7,No spend data for 2019-2021,,Faith to Action Network
fa,123,370,0,No spend data for 2019-2021,,Farm Africa
fao,0,7377,0,> 1B,2020,Food and Agriculture Organization of the United Nations (FAO)
fcam,0,0,4,> 1M & <= 10M,2020,Fondo Centroamericano de Mujeres
fcdf,0,3,8,No spend data for 2019-2021,,Family Counseling and Development Foundation
fcdo,0,37194,1414,> 1B,2019,"UK - Foreign, Commonwealth and Development Office"
fh,0,0,28,<=1M,2021,Food for the Hungry UK
fiftyfifty-lb,0,1,0,No spend data for 2019-2021,,Fiftyfifty
fimi_iiwf_2019,0,5,1,> 1M & <= 10M,2019,International Indigenous Women Forum
finance_canada,97,57,0,No spend data for 2019-2021,,Canada Department of Finance / Ministère des Finances Canada
finland_mfa,0,1,0,> 1B,2019,Finland - Ministry for Foreign Affairs
fipag,0,3,0,> 1M & <= 10M,2019,Fundo de Investimento e Patrimonio do Abastecimento de Água (FIPAG)
fmo,1092,56,103,No spend data for 2019-2021,,FMO
fms,0,0,2,> 1M & <= 10M,2021,Fundación Fondo Mujeres del Sur
fo_germany,1209,35,0,No spend data for 2019-2021,,Germany - Federal Foreign Office
foenl,0,21,16,> 10M & <= 100M,2020,Milieudefensie
foundation_center,1,0,0,No spend data for 2019-2021,,The Foundation Center
france,1,111,6,> 1M & <= 10M,2019,France - Ministry for Europe and Foreign Affairs
free_press_unlimited,0,13,15,> 1M & <= 10M,2020,Free Press Unlimited
freeagirl,0,1,2,<=1M,2020,Free a Girl
fs,1,0,0,No spend data for 2019-2021,,Forever Sabah
fwf,0,16,17,> 10M & <= 100M,2019,Fair Wear Foundation
g3w-m3m_admin,0,2,0,> 1M & <= 10M,2019,Viva Salud
gac-amc,0,44,0,> 1B,2019,Canada - Global Affairs Canada | Affaires mondiales Canada
gain,0,0,373,> 10M & <= 100M,2019,The Global Alliance for Improved Nutrition
galvmed,0,0,3,> 10M & <= 100M,2021,Global Alliance for Livestock Veterinary Medicines
gavi,0,5,0,> 1B,2021,"Gavi, the vaccine alliance"
gb-chc-220949,3,0,0,No spend data for 2019-2021,,British Red Cross
gecfundmanagerpwc,1,1,0,> 10M & <= 100M,2019,Girls’ Education Challenge – Fund Manager PwC
gef,52,12967,5602,> 1B,2020,GEF Secretariat
genderatwork,0,4,0,<=1M,2021,Gender at Work
gfems,0,2,1,> 1M & <= 10M,2021,Global Fund to End Modern Slavery
gi-toc,0,26,0,> 1M & <= 10M,2020,The Global Initiative Against Transnational Organized Crime
gichd,0,4,27,<=1M,2019,Geneva International Centre for Humanitarian Demining
girlsnotbrides,0,0,6,> 1M & <= 10M,2019,Girls Not Brides: The Global Partnership to End Child Marriage
giz,2,2,0,No spend data for 2019-2021,,Germany GIZ Non BMZ
gl,1,0,0,No spend data for 2019-2021,,Gender Links
globalgiving,0,95,23124,> 100M & <= 1B,2021,GlobalGiving.org
globaltfokus,0,0,2,No spend data for 2019-2021,,Global Focus
goal,0,1,3,> 10M & <= 100M,2020,GOAL
gogla,0,1,1,<=1M,2020,GOGLA - Global Off-Grid Lighting Association
gpe,1,0,0,No spend data for 2019-2021,,Global Partnership for Education
guttmacher,0,0,4,> 10M & <= 100M,2020,Guttmacher Institute
halo,0,2,26,> 10M & <= 100M,2019,The HALO Trust
hefoundation,0,0,1,<=1M,2020,HE Foundation
hgc,0,0,5,No spend data for 2019-2021,,Grand Challenges Canada
hhc,0,0,3,> 1M & <= 10M,2020,Hope and Homes for Children
hi_fed,0,818,8,<=1M,2019,Handicap International Federation
hiuk,0,12,14,> 10M & <= 100M,2020,Handicap International UK
homeoffice,0,11,0,> 100M & <= 1B,2019,UK - Home Office
hpa,22,65,1,No spend data for 2019-2021,,Health Poverty Action
hsi,0,4,41,<=1M,2019,Helvetas Swiss Intercooperation
ia_nam,0,76,12373,No spend data for 2019-2021,,InterAction's NGO Aid Map
iadb,50,2141,9,> 1B,2020,Inter-American Development Bank
ibis_denmark,0,24,35,> 1M & <= 10M,2019,Oxfam IBIS
icco-cooperation,0,2688,14,> 1M & <= 10M,2019,ICCO Cooperation
icf,0,1,47,> 1M & <= 10M,2021,ICF Consulting Services Ltd
icmpd,1,0,0,> 1M & <= 10M,2020,International Centre for Migration Policy Development
icnl_org,0,15,0,> 1M & <= 10M,2020,International Center for Not-for-Profit Law
icraf_,3,7,179,No spend data for 2019-2021,,World Agroforestry Centre
icrc,0,24641,142,> 1B,2020,International Committee of the Red Cross (ICRC)
ictj,0,0,2,> 1M & <= 10M,2020,International Center for Transitional Justice
idbinvest,1,0,1650,No spend data for 2019-2021,,Inter-American Investment Corporation
idea,0,10,30,> 10M & <= 100M,2021,International IDEA
idh,0,50,421,> 10M & <= 100M,2020,"IDH, the Sustainable Trade Initiative"
idi,0,2,5,> 1M & <= 10M,2019,INTOSAI Development Initiative
idlo,0,1,3,> 10M & <= 100M,2019,International Development Law Organization (IDLO)
ids,0,0,3,> 10M & <= 100M,2020,Institute of Development Studies
ieu,0,6,0,> 1M & <= 10M,2020,Internews Europe
ifad,0,1044,1172,> 100M & <= 1B,2021,International Fund for Agricultural Development (IFAD)
ifcwbg,94,86178,4630,No spend data for 2019-2021,,International Finance Corporation
iisd,0,0,1,No spend data for 2019-2021,,The International Institute for Sustainable Development
imc_uk,0,24,35,> 10M & <= 100M,2020,International Medical Corps UK
imcw_admin,0,6,24,> 1M & <= 10M,2019,IMC WORLDWIDE
ims,0,3,12,No spend data for 2019-2021,,International Media Support
inasp,0,0,2,<=1M,2019,International Network for Advancing Science and Policy
inbar,1,1,19,No spend data for 2019-2021,,International Network for Bamboo and Rattan (INBAR)
integrity_action,32,185,0,No spend data for 2019-2021,,Integrity Action
intellecap,1,0,0,No spend data for 2019-2021,,
interpeace,2,0,0,No spend data for 2019-2021,,Interpeace
iodparc,1,0,0,No spend data for 2019-2021,,IOD PARC
iom,0,1623,0,No spend data for 2019-2021,,International Organization for Migration (IOM)
ipao,0,6,10,<=1M,2019,Panos Institute West Africa (PIWA)
ippf,0,76,293,> 10M & <= 100M,2020,International Planned Parenthood Federation
iraq_foundation,0,3,17,<=1M,2021,Iraq Foundation
irc_inc,0,3,33,> 100M & <= 1B,2021,The International Rescue Committee
irc_uk,0,3,7,> 10M & <= 100M,2019,International Rescue Committee UK
irw,0,8,0,> 1M & <= 10M,2020,Islamic Relief Worldwide
issafrica,0,167,32,> 1M & <= 10M,2020,Institute for Security Studies
itad,0,28,0,<=1M,2020,Itad
jass,0,20,0,> 1M & <= 10M,2021,Just Associates
jocc_uk,0,1,1,<=1M,2020,Joshua Orphan and Community Care
jowomenomics,0,0,1,No spend data for 2019-2021,,JoWomenomics
jpal,0,1,0,No spend data for 2019-2021,,Abdul Latif Jameel Poverty Action Lab at MIT
kerk_in_actie,0,0,2,<=1M,2021,Kerk in Actie
khf,0,4,2,No spend data for 2019-2021,,King Hussein Foundation
kidasha,0,1,0,<=1M,2020,kidasha
kingscollegelondon,0,2,1,> 1M & <= 10M,2019,King's College London
kit,0,309,7,<=1M,2019,Royal Tropical Institute
knvb,0,9,0,No spend data for 2019-2021,,Royal Netherlands Football Association
kpmgea,0,1,1,> 10M & <= 100M,2019,KPMG East Africa
ksrelief291,0,0,720,> 10M & <= 100M,2021,King Salman Humanitarian Aid and Relief Centre
lbg,0,2,2,> 1M & <= 10M,2020,WSP USA Solutions Inc.
lc,0,0,75,> 1M & <= 10M,2020,Louvain Coopération
lcp,1,0,0,<=1M,2021,Light Castle Partners
leedsuni,0,0,20,<=1M,2021,University of Leeds
lithuania_mfa,2,0,0,No spend data for 2019-2021,,"Lithuania, Ministry of Foreign Affairs"
loftf,0,0,3,> 1M & <= 10M,2020,Danish Trade Union Development Agency (Ulandssekretariatet)
loop,0,1,0,<=1M,2021,OurLoop Stitchting
lpi,1,0,0,No spend data for 2019-2021,,living peace institute
lshtm,0,0,9,> 1M & <= 10M,2020,London School of Hygiene and Tropical Medicine
lstm,0,0,7,> 1M & <= 10M,2020,Liverpool School of Tropical Medicine
m_u,0,1,4,No spend data for 2019-2021,,Mzumbe University
maec,145,834,41,No spend data for 2019-2021,,Spain - Ministry of Foreign Affairs and Cooperation
mag,0,4,823,> 10M & <= 100M,2019,MAG
magariro,1,0,0,No spend data for 2019-2021,,Magariro
malariaconsortium,25,497,0,> 10M & <= 100M,2019,Malaria Consortium
mamac,0,26,20,> 10M & <= 100M,2020,Mama Cash
manniondaniels,0,9821,9,> 10M & <= 100M,2020,MannionDaniels
mapaction,0,0,4,> 1M & <= 10M,2020,MapAction
marysmeals,0,4,14,> 1M & <= 10M,2021,marysmeals
max-foundation,0,0,15,> 1M & <= 10M,2019,Max Foundation
mce,0,13,315,> 10M & <= 100M,2020,Mercy Corps Europe
mdf,0,9,3,> 1M & <= 10M,2020,MDF Global
mdp,0,0,1,No spend data for 2019-2021,,McKinsey Development Partners
mefbenin,0,2,11,> 10M & <= 100M,2021,Ministère de l'Economie et des Finances du Bénin
mfat,0,11,0,> 100M & <= 1B,2021,New Zealand - Ministry of Foreign Affairs and Trade - New Zealand Aid Programme
micfound,0,0,1,No spend data for 2019-2021,,Micaia Foundation
mifumi_uk,0,0,15,<=1M,2021,Mifumi UK
millenniumchallenge,0,3596,0,> 100M & <= 1B,2020,Millennium Challenge Corporation
mml,0,3,19,> 10M & <= 100M,2020,Mott MacDonald Limited
msi,0,40,213,> 10M & <= 100M,2019,MSI Reproductive Choices
msm-ipd,0,0,1,No spend data for 2019-2021,,Maastricht School of Management
msuk,0,0,3,<=1M,2020,Mercy Ships UK Limited
mvo_nederland,0,3,2,> 1M & <= 10M,2019,MVO Nederland
mwatana,0,7,19,<=1M,2020,Mwatana for Human Rights
namati_inc,2,0,0,No spend data for 2019-2021,,"Namati, Inc"
nathan,0,0,24,> 10M & <= 100M,2020,Nathan Associates London Ltd.
ndsicde,0,6,19,<=1M,2020,Niger Delta Stakeholders Initiative for Community Development and Empowerment
needs,0,1,0,No spend data for 2019-2021,,Network For Enterprise Enhancement and Development Support
nef_mali,0,11,349,> 1M & <= 10M,2019,Near East Foundation Mali (NEF Mali)
network4africa,0,0,1,No spend data for 2019-2021,,Network for Africa
nfp,0,54,4,> 1M & <= 10M,2020,Netherlands Food Partnership
ngo-federatie,0,1,2,> 1M & <= 10M,2020,Ngo-federatie (Vlaamse federatie van ngo's voor ontwikkelingssamenwerking)
nimd-hq,0,41,177,> 1M & <= 10M,2019,Netherlands Institute for Multiparty Democracy (NIMD)
niras,0,0,1,No spend data for 2019-2021,,NIRAS A/S
nl-kvk-41207989,0,136,0,> 10M & <= 100M,2019,Aidsfonds - Soa Aids Nederland
nlr,0,2,91,<=1M,2020,NLR
nlrc,0,840,68,> 100M & <= 1B,2020,Netherlands Red Cross
nmhiati,0,0,1,<=1M,2019,NKHOMA MISSION HOSPITAL
nned,0,0,12,<=1M,2019,Northern Network for Education Development
norad,0,764,0,> 1B,2019,Norad - Norwegian Agency for Development Cooperation
norsaac,0,0,1,No spend data for 2019-2021,,NORSAAC
npa,0,82,16,> 10M & <= 100M,2019,Norwegian People's Aid
npss,0,0,12,No spend data for 2019-2021,,Nonviolent Peaceforce South Sudan
nrc,5,11,134,> 100M & <= 1B,2020,Norwegian Refugee Council
nso,0,30,273,> 1M & <= 10M,2019,Netherlands Space Office
nuffic20171017,0,1097,392,> 10M & <= 100M,2020,Nuffic
null,0,0,4,No spend data for 2019-2021,,
nwo,0,1,0,No spend data for 2019-2021,,Netherlands Organisation for Scientific Research (NWO)
nwp,0,0,1,> 1M & <= 10M,2020,Netherlands Water Partnership
nyu,0,0,4,No spend data for 2019-2021,,New York University
oau,0,0,29,> 10M & <= 100M,2020,Oxfam Australia
odakorea,551,7129,3216,> 1M & <= 10M,2021,Republic of Korea
odi_sales_ltd,0,1,0,<=1M,2019,ODI Sales Limited
oecd,0,7,0,> 10M & <= 100M,2020,OECD
okapiconsulting,0,1,1,No spend data for 2019-2021,,Okapi Consulting
omdm,0,0,8,<=1M,2020,Oxfam-Magasins du monde (omdm)
omidyarnetwork,2,0,0,No spend data for 2019-2021,,Omidyar Network Fund Inc.
oneacrefund,0,3,109,> 100M & <= 1B,2019,One Acre Fund
onetoonecf,1,0,0,No spend data for 2019-2021,,One to One Children's Fund
ons,0,2,0,<=1M,2021,Office for National Statistics
open_university,0,4,63,> 1M & <= 10M,2019,The Open University
openmindedly,22,2,0,No spend data for 2019-2021,,openmindedly
opml,1,20,2,> 1M & <= 10M,2019,Oxford Policy Management
opportunity-international-uk,13,41,8,No spend data for 2019-2021,,Opportunity International UK
options,1,2,46,> 10M & <= 100M,2020,Options Consultancy Services
oqc,0,9,0,<=1M,2020,Oxfam-Quebec
orbis_africa,0,2,0,<=1M,2019,Orbis Africa
orbis_uk,0,1,9,<=1M,2021,Orbis Charitable Trust
oww,0,0,7,> 1M & <= 10M,2020,Oxfam Wereldwinkels
oxfamgb,0,5586,3276,> 100M & <= 1B,2019,Oxfam GB
oxfamindia,1,10,0,No spend data for 2019-2021,,Oxfam India
oxfamus,0,1,401,> 10M & <= 100M,2019,Oxfam America
oxford,0,0,2,> 10M & <= 100M,2021,The University of Oxford
oxsol,0,0,7,> 1M & <= 10M,2020,Oxfam Solidarité-Solidariteit
oyw,0,1,4,<=1M,2019,One Young World
p-t-f-,0,17,4,<=1M,2020,Programming Their Future
pa,55,753,2687,No spend data for 2019-2021,,Practical Action
pacam,0,1,1,<=1M,2020,Palliative Care Association of Malawi
pacja,0,1,5,No spend data for 2019-2021,,Pan African Climate Justice Alliance
pact,1,644,80,No spend data for 2019-2021,,Pact
palladium,0,10,42,> 10M & <= 100M,2020,Palladium International Ltd (UK)
palladium_eur,0,0,5,> 10M & <= 100M,2020,Palladium Europe
partos_nl,0,1,0,> 1M & <= 10M,2019,partos
pasgr,0,0,1,> 1M & <= 10M,2019,Partnership for African Social & Governance Research (PASGR)
pathfinder1,0,154,11,> 1M & <= 10M,2021,Pathfinder International
pax,36,82,2,> 10M & <= 100M,2020,PAX
pcf,1,41,190,No spend data for 2019-2021,,Prince Claus Fund
pcst,0,1,0,<=1M,2019,Palliative Care Support Trust
peacedirect,0,6,0,No spend data for 2019-2021,,Peace Direct
peas,1,21,1,No spend data for 2019-2021,,PEAS (Promoting Equality in African Schools)
pegasys-eu,0,0,6,> 1M & <= 10M,2021,Pegasys Limited
pekka_21,0,4,0,<=1M,2021,Yayasan PEKKA
peopleinaid,1,0,0,No spend data for 2019-2021,,People In Aid
pgi_kenya,0,0,241,No spend data for 2019-2021,,Pastoralist Girls Initiative
phase_worldwide,0,1,10,<=1M,2020,PHASE Worldwide
phase-nepal,1,0,0,No spend data for 2019-2021,,PHASE Nepal
phe,1,0,0,No spend data for 2019-2021,,Project Harar
pib,0,0,4,> 1M & <= 10M,2019,Plan International Belgium
pidg,0,2,11,> 100M & <= 1B,2020,Private Infrastructure Development Group
pin,0,1332,147,> 100M & <= 1B,2021,People in Need
plama,0,2,6,<=1M,2019,Plataforma Moçambicana da Água (PLAMA)
plan_ireland,2,0,0,No spend data for 2019-2021,,Plan Ireland Charitable Assistance Limited
plan_uk,0,169,0,> 10M & <= 100M,2021,Plan International UK
plan_usa,18,0,0,No spend data for 2019-2021,,Plan International USA
planinternationalfinland,25,14,0,No spend data for 2019-2021,,Plan International Finland
plannlno,0,592,113,> 10M & <= 100M,2019,Plan International Netherlands
plb,0,0,1,No spend data for 2019-2021,,PlanBørnefonden
pmc,0,1,0,No spend data for 2019-2021,,Population Media Center
pmo-us,0,5,16,<=1M,2019,Promundo-US
pontis,2,17,2,No spend data for 2019-2021,,Pontis Foundation
populationcouncil,0,0,5,<=1M,2020,"The Population Council, Inc."
posneg,0,1,0,No spend data for 2019-2021,,PositiveNegatives
power,2,0,0,No spend data for 2019-2021,,Power International
practica,0,6,0,No spend data for 2019-2021,,PRACTICA Foundation
pragya,0,27,0,No spend data for 2019-2021,,Pragya India
prefa_1,0,1,0,No spend data for 2019-2021,,Protecting Families Against HIV/AIDS
pri,1,21,3,No spend data for 2019-2021,,Penal Reform International
progressio,5,165,2,No spend data for 2019-2021,,Progressio (closed)
prospero,6,0,0,No spend data for 2019-2021,,Prospero Limited
psi,0,11,3125,No spend data for 2019-2021,,Population Service International
pskenya_19,0,8,0,> 10M & <= 100M,2019,Population Services Kenya
pstc_1102,0,0,14,No spend data for 2019-2021,,Population Services and Training Centre (PSTC)
pumpaid,1,1,1,No spend data for 2019-2021,,Pump Aid
pwc,0,0,58,> 10M & <= 100M,2019,PwC
pwcplindia,0,20,6,> 1M & <= 10M,2019,PricewaterhouseCoopers Private Limited India
pwyf,4,18911,2,No spend data for 2019-2021,,Publish What You Fund
quinoa,0,0,6,<=1M,2020,Quinoa
r4d,0,3,0,> 1M & <= 10M,2021,Results for Development
rahuug,0,1,0,No spend data for 2019-2021,,Reach A Hand Uganda
rainforest-alliance,0,6,0,> 1M & <= 10M,2019,Rainforest Alliance
rainfoundation,2,121,15,No spend data for 2019-2021,,RAIN Foundation (former)
ran,0,0,11,<=1M,2020,Rainforest Action Network
rc,0,24,0,> 100M & <= 1B,2019,Railway Children
rc2africa,0,0,1,<=1M,2019,Railway Children Africa
rc4d,0,3,0,<=1M,2020,Rotary Clubs For Development
rcel,0,1,0,> 1M & <= 10M,2021,Royal Commonwealth Ex-Sevices League
rcn,0,58,17,> 1M & <= 10M,2019,RCN Justice & Démocratie
reach-iraq,0,0,1,No spend data for 2019-2021,,"Rehabilitation, Education and Community Health (REACH)"
redbarnet,0,0,37,> 10M & <= 100M,2020,Save the Children DK
redeenkind,0,2,9,> 1M & <= 10M,2021,Stichting Red een Kind
redruk,0,1,7,<=1M,2020,RedR UK
rem,4,0,0,No spend data for 2019-2021,,Resource Extraction Monitoring
resilience,0,9,4,No spend data for 2019-2021,,Resilience
restless,1,3,17,> 1M & <= 10M,2019,Restless Development
retrak,1,0,0,No spend data for 2019-2021,,Retrak
rfpap,13,28,2,No spend data for 2019-2021,,Rahnuma-Family Planning Assocation of Pakistan
rfuk,0,1,0,> 1M & <= 10M,2019,Rainforest Foundation UK
ri-uk,1,107,61,> 1M & <= 10M,2019,Relief International UK
rikolto,1,123,0,> 1M & <= 10M,2019,Rikolto
rikolto_belgium,1,1,0,> 1M & <= 10M,2020,Rikolto in Belgium
rkiv,0,0,2,> 1M & <= 10M,2020,Rode Kruis-Vlaanderen Internationaal vzw
rlb,0,1,1,> 1M & <= 10M,2019,Radio La Benevolencija
rmf-lb,0,39,0,> 1M & <= 10M,2020,Rene Moawad Foundation
rojiroti,0,1,0,No spend data for 2019-2021,,Rojiroti UK
rri,0,1,0,<=1M,2019,Rights and Resources Initaitive
rspb_,0,39,0,No spend data for 2019-2021,,Royal Society for the Protection of Birds
rtp,0,1,0,No spend data for 2019-2021,,Right to Play Netherlands Foundation
ruaf,0,1,0,<=1M,2019,RUAF Foundation
rutgers,0,629,134,> 10M & <= 100M,2019,Rutgers
rv-ww2,1,0,0,No spend data for 2019-2021,,
rvo,0,4823,3146,> 10M & <= 100M,2021,Netherlands Enterprise Agency
sacethiopia,0,0,2,No spend data for 2019-2021,,Send a Cow Ethiopia
sacu,229,461,4,No spend data for 2019-2021,,Send a Cow Uganda
saferworld,0,8,85,> 10M & <= 100M,2019,Saferworld
sas_sana,0,1,3,<=1M,2021,Small Arms Survey
savsign-org,0,1,2,No spend data for 2019-2021,,Savana Signatures
sccf,0,5356,0,No spend data for 2019-2021,,SECOURS CATHOLIQUE - CARITAS FRANCE
sci,0,336,10246,> 10M & <= 100M,2019,Save the Children International
sciaf,0,1,9,> 1M & <= 10M,2019,Scottish Catholic International Aid Fund (SCIAF)
scibelgium,0,2,0,<=1M,2019,SCI Projets Internationaux ASBL_Service Civil International branche belge
scnl,0,100,52,> 10M & <= 100M,2019,Save the Children Netherlands
scss,0,0,5,<=1M,2021,Sana'a Center for Strategic Studies
scuk,0,417,180,<=1M,2019,Save the Children UK
sdc_ch,0,1,0,> 1B,2020,Switzerland - Swiss Agency for Development and Cooperation (SDC)
sddirect,0,1,74,> 1M & <= 10M,2020,Social Development Direct Limited
seefar,0,1,1,<=1M,2019,Seefar
sehatkahanicih,0,1,0,<=1M,2019,Sehat Kahani (Community Innovation Hub)
sendacow,0,4,15,> 1M & <= 10M,2019,Send a Cow
sense_international,3,89,8,> 1M & <= 10M,2021,Sense International
ser,0,62,11,No spend data for 2019-2021,,Sociaal-Economische Raad
sfcg,0,15,19,No spend data for 2019-2021,,Search for Common Ground (SFCG)
shc,0,2,1,<=1M,2020,Sensorial Handicap Cooperation
shelterbox,1,0,0,No spend data for 2019-2021,,ShelterBox
shiftproject,0,0,9,No spend data for 2019-2021,,Shift Project Ltd.
shtrii_shakti,1,0,0,No spend data for 2019-2021,,Shtrii Shakti
sida,3,17,0,> 1B,2020,"Sweden, through Swedish International Development Cooperation Agency (Sida)"
signal,1,3,1,No spend data for 2019-2021,,Signal
simavi,0,8,0,> 10M & <= 100M,2020,Simavi
sinda,2,0,6,No spend data for 2019-2021,,Scotland's International Development Alliance
snv,0,90,2363,> 10M & <= 100M,2020,SNV Netherlands Development Organisation
solidaridad,0,91,410,No spend data for 2019-2021,,Solidaridad
solidaridad-europe,0,49,14,> 10M & <= 100M,2020,Solidaridad Europe
solidaridad-ssea,0,21,208,> 1M & <= 10M,2019,Solidaridad South & South-East Asia
solidaridad-waf,0,9,4,> 1M & <= 10M,2019,Solidaridad West Africa
solidarsuisse,0,0,1,> 1M & <= 10M,2021,Solidar Suisse
sosnl,0,1,25,> 1M & <= 10M,2020,SOS Children's Villages The Netherlands
sosvdb_italia,0,0,1,No spend data for 2019-2021,,SOS Italia
sowt,0,1,0,<=1M,2021,Sowt podcasting and training L.L.C
spark,0,0,14,> 100M & <= 1B,2019,SPARK
spuk,34,76,3,No spend data for 2019-2021,,Samaritan's Purse UK
srhr_africa_trust,0,0,46,No spend data for 2019-2021,,Sexual Reproductive Health and Rights Africa Trust
ss-org,0,0,35,> 10M & <= 100M,2020,Sightsavers
st_vluchteling,0,59,16,> 1M & <= 10M,2019,Stichting Vluchteling
stichting_hivos,0,45,20,> 10M & <= 100M,2020,Hivos
stichting-subsidiegelden-dra,0,0,4,> 10M & <= 100M,2019,Stichting Beheer Subsidiegelden DRA
street_child,0,0,12,> 1M & <= 10M,2020,Street Child
surf,26,68,4,No spend data for 2019-2021,,Survivors Fund (SURF)
taf,3,19,18,No spend data for 2019-2021,,The Asia Foundation
tbi,0,2,65,> 1M & <= 10M,2020,Tropenbos International
tdh_foundation,0,0,1,> 1M & <= 10M,2020,Terre des hommes- Aide à l'enfance dans le monde- Fondation
tdh_nl,0,730,1,> 10M & <= 100M,2019,Terre des Hommes Netherlands
tearfund,40,81,19,No spend data for 2019-2021,,Tearfund
tffus,0,1,0,<=1M,2021,The Freedom Fund (US)
tha,0,0,6,No spend data for 2019-2021,,The Hague Academy for Local Governance
theglobalfund,0,8,228,> 1B,2021,"The Global Fund to Fight AIDS, Tuberculosis and Malaria"
ti_nl,0,4,3,<=1M,2021,Transition International
ticah,0,0,3,No spend data for 2019-2021,,Trust for Indigenous Culture and Health
tlmew,0,0,8,<=1M,2021,The Leprosy Mission England and Wales
tlmnepal,0,0,1,<=1M,2021,The Leprosy Mission Nepal
tmea,0,114,0,> 10M & <= 100M,2019,TradeMark East Africa
tni,0,4,3,> 1M & <= 10M,2019,Transnational Institute
tns,0,16,103,> 1M & <= 10M,2020,TechnoServe
traidcraft,0,0,1,<=1M,2019,Traidcraft Exchange
transparency-international,0,1,15,No spend data for 2019-2021,,Transparency International Secretariat
treea,0,0,8,<=1M,2020,TREE AID
trias,0,0,2,> 10M & <= 100M,2019,Trias
trig,0,2,1,No spend data for 2019-2021,,Triggerise Ethiopia
tripleline_crownagents,1,0,0,No spend data for 2019-2021,,Triple Line
uafla,0,0,2,<=1M,2020,Urgent Action Fund Latin America and the Caribbean
ub,0,1,0,<=1M,2019,Unicef Belgium National Committee
ucos,0,0,1,<=1M,2020,Universitair Centrum voor Ontwikkelingssamenwerking
uct,0,0,1,<=1M,2020,University of Cape Town
udom,0,0,2,No spend data for 2019-2021,,"The University of Dodoma (UDOM), Tanzania"
udpk,1,1,5,No spend data for 2019-2021,,United Disabled Persons of Kenya
uhai-eashri,0,8,0,<=1M,2021,UHAI EASHRI
umu,0,0,2,No spend data for 2019-2021,,Uganda Martyrs University
un-environment,0,746,0,> 10M & <= 100M,2019,United Nations Environment Programme (UNEP)
unaids,0,106,0,> 10M & <= 100M,2020,United Nations Joint Programme on HIV and AIDS Secretariat (UNAIDS)
uncdf,0,18,31,> 10M & <= 100M,2020,United Nations Capital Development Fund
undp,2,218,70541,> 1B,2021,United Nations Development Programme (UNDP)
unesco,1,14514,4067,> 100M & <= 1B,2021,"United Nations Educational, Scientific and Cultural Organization (UNESCO)"
unfpa,2,87320,0,> 100M & <= 1B,2021,United Nations Population Fund
ungc-uk,0,0,1,No spend data for 2019-2021,,UN Global Compact Local Network UK
unhcr,0,2039,18,> 1B,2020,United Nations High Commissioner for Refugees (UNHCR)
unicef,0,2165044,0,> 1B,2021,United Nations Children's Fund (UNICEF)
unicefnl,0,41,3,> 1M & <= 10M,2020,UNICEF Netherlands National Committee
unido,23,2913,2793,> 100M & <= 1B,2021,United Nations Industrial Development Organization (UNIDO)
united_work,0,1,0,No spend data for 2019-2021,,United Work
unitedstates,1,1,0,> 1B,2019,United States
universiteit_leiden,0,19,0,<=1M,2019,Universiteit Leiden
universityofbirmingham,0,2,0,<=1M,2019,University of Birmingham
unocha,1,10,0,> 100M & <= 1B,2019,United Nations Office for the Coordination of Humanitarian Affairs (OCHA)
unocha-cbpf,1,221778,0,> 100M & <= 1B,2020,OCHA Country Based Pooled Funds
unocha-sdc,0,0,150,> 1M & <= 10M,2019,United Nations Office for the Coordination of Humanitarian Affairs (Specially-Designated Contributions)
unpf,0,1551,10755,> 1B,2019,UN Pooled Funds
unrwa,3,156,0,> 1B,2020,The United Nations Relief and Works Agency for Palestine Refugees in the Near East (UNRWA)
unw,0,38027,0,> 100M & <= 1B,2021,UN Women
uodcepmlp,0,0,2,No spend data for 2019-2021,,University of Dundee
uoe,0,0,8,> 1M & <= 10M,2020,University of Edinburgh
uol,0,1,0,<=1M,2019,University Of Liverpool
upm,0,0,9,No spend data for 2019-2021,,University Putra Malaysia
us-imawh,0,0,38,> 10M & <= 100M,2020,IMA World Health
usaid,4858,8009,0,> 1B,2021,United States Agency for International Development (USAID)
utd,0,30,0,> 100M & <= 1B,2021,UNITAID
utwente,0,0,3,No spend data for 2019-2021,,University Twente
utz,0,0,254,> 1M & <= 10M,2020,UTZ
uva_org,0,57,25,<=1M,2020,University of Amsterdam
uvcw,0,0,165,> 1M & <= 10M,2020,Union des Villes et Communes de Wallonie (UVCW)
uvw,0,3,0,> 1M & <= 10M,2019,Unie van Waterschappen
vao,1,1,0,No spend data for 2019-2021,,Vision Aid Overseas
varkeyfoundation,0,1,1,> 1M & <= 10M,2019,Varkey Foundation
vei_nl,0,3,18,> 10M & <= 100M,2019,VEI (Vitens-Evides International)
vfan,0,0,1,No spend data for 2019-2021,,Vision for a Nation Foundation
vhai-org,0,1,0,No spend data for 2019-2021,,Voluntary Health Association of India
via-db,0,1,3,> 1M & <= 10M,2019,VIA Don Bosco
villagewater,0,1,0,<=1M,2020,Village Water Ltd
viva,1,0,0,> 1M & <= 10M,2019,Viva
vngi,6,21,291,> 1M & <= 10M,2019,VNG International
vso,2,4,18,> 10M & <= 100M,2019,Voluntary Service Overseas (VSO)
vvob,0,0,2,> 1M & <= 10M,2019,VVOB Education for Development
vvsg,0,0,6,> 1M & <= 10M,2020,VVSG - Vereniging van Vlaamse Steden en Gemeenten
w_r_c,0,1,6,No spend data for 2019-2021,,Women's Refugee Commission
w-d,0,5,1,> 1M & <= 10M,2021,Stichting Woord en Daad
w4p,10,0,0,No spend data for 2019-2021,,Water for People
wacc-uk,1,0,0,No spend data for 2019-2021,,World Association for Christian Communication (UK)
wageningen_ur,0,153,18,> 1M & <= 10M,2019,Wageningen University & Research - Stichting Wageningen Research
walaltd,0,0,1,No spend data for 2019-2021,,Wala Ltd
warchildholland,0,100,326,> 10M & <= 100M,2019,War Child Holland
waronwant,3,0,0,No spend data for 2019-2021,,War on Want
waste,0,3,64,> 1M & <= 10M,2021,WASTE advisers on urban environment and development
wasteaid,0,5,12,> 1M & <= 10M,2020,WasteAid UK
water-witness-international,0,18,0,<=1M,2019,Water Witness International
wateraid,26,4,43,> 1M & <= 10M,2019,WaterAid
waterworks,0,1,1,No spend data for 2019-2021,,Water Works
wba,0,3,1,> 1M & <= 10M,2020,World Benchmarking Alliance Foundation
wbtf,0,2947,7019,> 1B,2020,World Bank Trust Funds
wccuk,1,2,9,<=1M,2021,World Child Cancer UK
wcf,1,2,0,No spend data for 2019-2021,,Women and Children First (UK)
wctc,0,0,3,No spend data for 2019-2021,,Women Challenged to Challenge
wcuk,5,163,7,No spend data for 2019-2021,,War Child UK
wecf,0,2,30,No spend data for 2019-2021,,Women Engage for a Common Future
wedo,0,4,207,<=1M,2019,Women's Environment & Development Organization
weeffect,2,4212,0,No spend data for 2019-2021,,We Effect
wei,0,0,42,No spend data for 2019-2021,,World Education Inc.
welbodipartnership,1,1,0,<=1M,2020,Welbodi Partnership
wellfound,0,2,1,<=1M,2021,Wellfound
wemos,0,1,0,> 1M & <= 10M,2019,Wemos Foundation
wep,0,1,1,> 1M & <= 10M,2019,Women Environmental Programme
wf-asia,0,0,4,> 1M & <= 10M,2019,Women's Fund Asia
wfm-igp,0,2,18,<=1M,2019,World Federalist Movement - Institute for Global Policy
wfwiuk,0,60,25,> 1M & <= 10M,2019,Women for Women International (UK)
wgnrr_iati,0,3,0,<=1M,2019,Women's Global Network on Reproductive Rights
whh,0,0,2,No spend data for 2019-2021,,Welthungerhilfe
who,0,225951,0,> 1B,2020,World Health Organization
whpca,0,1,5,<=1M,2020,Worldwide Hospice Palliative Care Alliance
whw2019,0,3,0,<=1M,2021,World Horse Welfare
wi,0,78,132,> 10M & <= 100M,2019,Wetlands International
win,0,1,0,> 1M & <= 10M,2019,Water Integrity Network Association
wlrc_aau,0,5,0,> 1M & <= 10M,2021,Water & Land Resource Center - Addis Ababa University
wnf,0,0,13,> 1M & <= 10M,2020,WNF Wereld Natuur Fonds
wo-men,0,3,2,<=1M,2019,"WO=MEN, Dutch Gender Platform"
womankindworld,0,19,4,> 1M & <= 10M,2021,Womankind Worldwide
world_ywca,0,0,5,No spend data for 2019-2021,,World Young Women's Christian Association
worldbank,304,3759,45498,> 1B,2021,The World Bank
worldeconomicforum,0,0,3,No spend data for 2019-2021,,World Economic Forum
worldveg,0,0,18,> 1M & <= 10M,2019,World Vegetable Center
worldwaternet,0,5,3,<=1M,2021,World Waternet
wowni,1,0,0,No spend data for 2019-2021,,War on Want NI
wri,0,142,170,> 1M & <= 10M,2019,World Resources Institute
wsup,1,1,1,No spend data for 2019-2021,,Water & Sanitation for the Urban Poor (WSUP)
wtk,1,0,0,No spend data for 2019-2021,,Windle Trust Kenya
wusc,1,1,6,> 1M & <= 10M,2019,World University Service of Canada
wv_cd,0,170,0,No spend data for 2019-2021,,World Vision Democratic Republic of Congo
wv_cf,0,56,0,No spend data for 2019-2021,,World Vision Central African Republic
wv_de,0,1742,0,No spend data for 2019-2021,,World Vision Germany
wv_et_activities,0,57,0,No spend data for 2019-2021,,World Vision Ethiopia
wvi,0,1,0,> 1B,2020,World Vision International
wvnld,0,186,27,> 10M & <= 100M,2020,World Vision Netherlands
wvuk,37,3775,56,> 10M & <= 100M,2019,World Vision UK
wvz-gec,0,11,26,<=1M,2019,World Vision Zimbabwe
wwf-be,0,0,3,> 1M & <= 10M,2019,World Wide Fund for Nature Belgium (WWF-BE)
wwf-se,6,935,0,No spend data for 2019-2021,,WWF Sweden
wwf-uk,9,1,0,<=1M,2020,WWF-UK
wwfdk,0,14,16,<=1M,2019,World Wide Fund for Nature Denmark
wwfpakistan,2,0,0,No spend data for 2019-2021,,World Wide Fund for Nature - Pakistan
wws,0,16,1,No spend data for 2019-2021,,Win Win Strategies
wygi,0,0,17,> 10M & <= 100M,2020,WYG International B.V.
yai-hub,0,11,20,> 1M & <= 10M,2019,Young Africa International HUB
ybi,0,18,0,No spend data for 2019-2021,,Youth Business International
ycare,0,13,35,<=1M,2019,Y Care International
yffhsd,0,0,24,<=1M,2021,Yamaan Foundation for Health and Social Development
yipl,0,1,5,No spend data for 2019-2021,,Young Innovations Pvt. Ltd
yoneco1997,0,0,1,No spend data for 2019-2021,,Youth Net and Counselling - YONECO
ywcakenya,0,0,4,No spend data for 2019-2021,,Young Women's Christian Association of Kenya
zet,1,1,0,No spend data for 2019-2021,,Zimbabwe Educational Trust
zing,1,0,0,No spend data for 2019-2021,,Zing
zoa,0,145,268,> 10M & <= 100M,2019,ZOA
zoa_uk,0,1,0,No spend data for 2019-2021,,Zambia Orphans Aid UK
zsl,0,88,11,> 1M & <= 10M,2019,Zoological Society of London
